Nombre completo,Tipo de Documento,DNI,Número de Documento,Email,Teléfono,Fecha de Nacimiento
Miguel Galvez Castells,Pasaporte,83478325,83478325,palaciolucila@hotmail.com,+34 701 477 951,23/09/1969
Sebastián Cantero Terrón,DNI,75282286,75282286,hplana@acuna.com,+34 733307833,12/12/1990
Ramiro Ramírez Criado,DNI,18725182,18725182,chaparrojesus@yahoo.com,+34 851 58 62 89,02/03/1991
Ramón Cases Melero,Pasaporte,58227426,58227426,baudeliomunoz@mariscal.com,+34 632 190 192,03/03/1970
Olivia Leyre Baquero Aramburu,DNI,2611340,2611340,cosmeroca@olmedo.es,+34742 26 48 53,20/09/1965
Áurea Ayuso Saldaña,DNI,34549479,34549479,rubenvila@gmail.com,+34 726 575 694,07/08/1964
Ofelia Tomas Giralt,DNI,56470873,56470873,annaquesada@gmail.com,+34 745224662,05/06/1968
Olalla Ballesteros Gómez,Pasaporte,5918574,5918574,doloresvalera@linares-prado.org,+34 713048072,13/03/1997
Benito Solís Nuñez,Pasaporte,29840604,29840604,jeremias70@yahoo.com,+34 730192993,11/09/1963
Victoria Figuerola-Riera,DNI,21899360,21899360,pepejuan@gmail.com,+34808 57 67 85,19/03/1952
Bernarda Duarte Román,DNI,33526425,33526425,teclacruz@hotmail.com,+34635758691,20/03/1995
Ligia Ribera Sanmartín,Pasaporte,11569690,11569690,beltranisaura@gmail.com,+34 741 484 669,13/05/2006
Rosalía Riera Sotelo,DNI,56034885,56034885,isidro31@hotmail.com,+34955987892,03/07/1962
Íñigo Sala Iborra,Pasaporte,31966476,31966476,amorribas@sainz-tur.com,+34 734 98 11 28,30/01/1951
Augusto Rubio Rozas,DNI,97326641,97326641,lilloisaac@jaume-bermudez.com,+34 733 80 81 63,26/12/1983
Irene Adelia Robles Barceló,DNI,44832978,44832978,omartin@hotmail.com,+34718 421 921,22/05/1951
Olimpia Castrillo-Izaguirre,DNI,30706502,30706502,jsalazar@yahoo.com,+34 741262801,20/04/2003
Flor Saura,Pasaporte,19788184,19788184,consuelo91@caparros.es,+34 713226518,24/11/2005
Maura Cárdenas Montaña,Pasaporte,92432261,92432261,javieragascon@yahoo.com,+34 729849157,07/02/1979
Artemio del Macías,DNI,7618543,7618543,dpelaez@yahoo.com,+34987 484 919,11/08/1988
